epoch,step,train_MSE
0,15,227.3769989013672
1,31,196.55838012695312
2,47,181.3419189453125
3,63,165.23658752441406
4,79,156.44369506835938
